Tiempo (s),Input (rpm),Setpoint (rpm),Output (PWM)
0.0002536773681640625,260.0,137.86,260.72
0.07841849327087402,260.0,137.86,259.78
0.14017367362976074,260.0,137.86,259.15
0.19960284233093262,260.0,137.86,261.36
0.2615795135498047,260.0,137.86,260.72
0.2978546619415283,260.0,137.86,259.78
0.33886194229125977,260.0,137.86,259.15
1.3828952312469482,260.0,137.86,261.36
1.5036306381225586,260.0,255.0,22.58
1.5363452434539795,260.0,50.0,27.25
1.567244052886963,260.0,50.0,30.89
1.6009485721588135,260.0,50.0,34.06
1.640326976776123,260.0,50.0,36.61
1.6776628494262695,260.0,255.0,41.29
1.7128207683563232,260.0,50.0,43.21
1.750990390777588,260.0,50.0,44.83
1.7888176441192627,260.0,50.0,46.74
1.8275160789489746,260.0,50.0,48.51
1.864882230758667,260.0,50.0,49.35
1.8989920616149902,260.0,255.0,53.0
1.9347188472747803,260.0,50.0,54.43
1.9864704608917236,260.0,50.0,55.73
2.0227866172790527,260.0,50.0,57.63
2.0588538646698,260.0,50.0,58.71
2.092327117919922,260.0,50.0,60.49
2.1321849822998047,260.0,255.0,76.09
2.169518232345581,260.0,50.0,75.61
2.2029359340667725,260.0,50.0,76.64
2.2330214977264404,260.0,50.0,76.86
2.264955997467041,260.0,50.0,77.22
2.302821397781372,260.0,255.0,95.74
2.339423894882202,260.0,50.0,94.71
2.372544765472412,260.0,50.0,94.84
2.4100823402404785,260.0,50.0,94.5
2.448913335800171,260.0,255.0,110.68
2.4877729415893555,260.0,50.0,108.82
2.5248043537139893,260.0,50.0,107.73
2.558027982711792,260.0,50.0,106.86
2.590852737426758,260.0,50.0,106.17
2.6239404678344727,260.0,255.0,123.23
2.655921459197998,260.0,50.0,121.21
2.6896235942840576,260.0,50.0,119.71
2.7211906909942627,260.0,50.0,118.13
2.752007007598877,260.0,255.0,134.37
2.7851428985595703,260.0,50.0,132.05
2.8170711994171143,260.0,50.0,130.84
2.8520162105560303,260.0,50.0,129.02
2.884493589401245,260.0,255.0,145.82
2.9174442291259766,260.0,255.0,160.94
2.9508042335510254,260.0,255.0,173.62
2.9914731979370117,260.0,255.0,187.11
3.0258007049560547,260.0,255.0,196.75
3.0603103637695312,260.0,255.0,206.02
3.0927042961120605,260.0,255.0,214.7
3.1295583248138428,260.0,255.0,222.74
3.1637094020843506,260.0,255.0,230.41
3.1984901428222656,260.0,255.0,237.57
3.2317352294921875,260.0,255.0,241.88
3.265526294708252,260.0,255.0,248.6
3.2984189987182617,260.0,255.0,254.22
3.331928014755249,260.0,255.0,257.91
3.3668127059936523,260.0,255.0,262.96
3.4022035598754883,260.0,255.0,266.26
3.4372541904449463,260.0,255.0,271.29
3.4726791381835938,260.0,255.0,272.69
3.5076708793640137,260.0,231.16,275.85
3.5432708263397217,260.0,231.16,275.85
3.580183267593384,260.0,231.16,279.44
3.6130383014678955,260.0,231.16,279.08
3.6489150524139404,260.0,215.66,280.17
3.682020902633667,260.0,215.66,282.01
3.7149903774261475,260.0,215.66,281.67
3.7492523193359375,260.0,215.66,284.26
3.782104015350342,260.0,200.65,282.76
3.81557559967041,260.0,200.65,284.64
3.8584983348846436,260.0,200.65,285.4
3.8961069583892822,260.0,200.65,283.9
3.944106101989746,260.0,194.62,283.91
3.9839937686920166,260.0,194.62,285.04
4.030578136444092,260.0,194.62,283.51
4.073963165283203,260.0,194.62,286.16
4.113668441772461,260.0,183.75,285.78
4.152559757232666,260.0,183.75,283.89
4.221139669418335,260.0,183.75,285.4
4.263357162475586,260.0,183.75,284.63
4.3100433349609375,260.0,179.38,284.67
4.355811834335327,260.0,179.38,285.03
4.402522563934326,260.0,179.38,282.39
4.452368497848511,260.0,179.38,283.13
4.49474573135376,260.0,175.38,282.77
4.536980152130127,260.0,175.38,281.65
4.577189922332764,260.0,175.38,282.77
4.622119903564453,260.0,175.38,282.01
4.666903018951416,260.0,171.08,282.03
4.714354038238525,260.0,171.08,282.76
4.758046388626099,260.0,171.08,280.54
4.801867246627808,260.0,171.08,282.76
4.85530161857605,260.0,163.59,282.02
4.905795335769653,260.0,163.59,280.92
4.950616121292114,260.0,163.59,280.55
4.993737697601318,260.0,163.59,278.71
5.039445161819458,260.0,164.89,281.28
5.093695640563965,260.0,164.89,279.44
5.1389453411102295,260.0,164.89,278.36
5.1843390464782715,260.0,164.89,279.11
5.2272021770477295,260.0,158.95,277.27
5.272726774215698,260.0,158.95,278.0
5.318331003189087,260.0,158.95,276.91
5.3634772300720215,260.0,158.95,276.9
5.407611608505249,260.0,157.82,276.9
5.451503276824951,260.0,157.82,275.86
5.498110771179199,260.0,157.82,276.55
5.5415685176849365,260.0,157.82,274.08
5.584517240524292,260.0,158.44,275.85
5.627761125564575,260.0,158.44,274.08
5.68695068359375,260.0,158.44,275.84
5.730417966842651,260.0,158.44,274.07
5.7775421142578125,260.0,154.57,274.43
5.822524547576904,260.0,154.57,274.77
5.867997646331787,260.0,154.57,272.69
5.912164926528931,260.0,154.57,274.43
5.962788105010986,260.0,149.98,271.65
6.016996383666992,260.0,149.98,273.38
6.060532331466675,260.0,149.98,270.61
6.104634523391724,260.0,149.98,272.34
6.152952194213867,260.0,149.92,270.96
6.2052130699157715,260.0,149.92,271.31
6.248537540435791,260.0,149.92,269.59
6.293794870376587,260.0,149.92,271.31
6.339492321014404,260.0,148.45,268.91
6.384687900543213,260.0,148.45,271.3
6.4308180809021,260.0,148.45,269.25
6.476255178451538,260.0,148.45,269.93
6.5216028690338135,260.0,147.89,268.91
6.567851305007935,260.0,147.89,269.93
6.613447904586792,260.0,147.89,267.9
6.658853530883789,260.0,147.89,269.27
6.703962564468384,260.0,146.39,268.23
6.749291658401489,260.0,146.39,268.91
6.7953736782073975,260.0,146.39,267.56
6.840738773345947,260.0,146.39,268.23
6.891678333282471,260.0,145.78,266.24
6.938339948654175,260.0,145.78,266.57
6.989995956420898,260.0,145.78,266.24
7.038329124450684,260.0,145.78,267.24
7.082141399383545,260.0,145.37,266.56
7.127634048461914,260.0,145.37,267.57
7.174418210983276,260.0,145.37,265.58
7.218014478683472,260.0,145.37,267.24
7.260836839675903,260.0,143.36,264.26
7.306339979171753,260.0,143.36,266.91
7.3514673709869385,260.0,143.36,265.62
7.3957061767578125,260.0,143.36,265.91
7.4421706199646,260.0,143.85,265.26
7.4880051612854,260.0,143.85,264.92
7.5326087474823,260.0,143.85,264.28
7.578531265258789,260.0,143.85,265.9
7.624317169189453,260.0,142.23,265.25
7.672074794769287,260.0,142.23,265.24
7.719937562942505,260.0,142.23,264.26
7.767202138900757,260.0,142.23,264.26
7.813370227813721,260.0,143.68,265.24
7.864715814590454,260.0,143.68,263.28
7.917300701141357,260.0,143.68,265.9
7.965326309204102,260.0,143.68,264.27
8.012361764907837,260.0,142.48,265.57
8.058964490890503,260.0,142.48,262.32
8.104804039001465,260.0,142.48,264.26
8.17254114151001,260.0,142.48,263.3
8.23161005973816,260.0,143.12,264.26
8.273170232772827,260.0,143.12,264.26
8.315088033676147,260.0,143.12,263.93
8.358355283737183,260.0,143.12,263.94
8.401622295379639,260.0,141.01,263.28
8.443131685256958,260.0,141.01,264.58
8.487010955810547,260.0,141.01,262.32
8.529778480529785,260.0,141.01,264.26
8.57346248626709,260.0,139.31,261.68
8.615480184555054,260.0,139.31,264.92
8.659331321716309,260.0,139.31,262.01
8.702739715576172,260.0,139.31,263.28
8.743265628814697,260.0,139.98,263.28
8.788982629776001,260.0,139.98,262.95
8.832456588745117,260.0,139.98,262.64
8.879189252853394,260.0,139.98,262.0
8.93777060508728,260.0,141.47,263.29
8.97954273223877,260.0,141.47,261.69
9.027400970458984,260.0,141.47,263.3
9.072416305541992,260.0,141.47,261.37
9.114888191223145,260.0,142.1,263.28
9.159015893936157,260.0,142.1,262.0
9.20188021659851,260.0,142.1,263.28
9.256845712661743,260.0,142.1,262.65
9.30008840560913,260.0,139.32,262.34
9.342229843139648,260.0,139.32,263.29
9.385934352874756,260.0,139.32,262.01
9.428444623947144,260.0,139.32,263.62
9.472498893737793,260.0,136.77,260.73
9.515375137329102,260.0,136.77,262.98
9.55809497833252,260.0,136.77,261.37
9.601216316223145,260.0,136.77,261.99
9.643362283706665,260.0,138.82,260.4
9.68619966506958,260.0,138.82,261.04
9.729353189468384,260.0,138.82,261.05
9.773801326751709,260.0,138.82,261.39
9.819933891296387,260.0,139.4,262.01
9.86484432220459,260.0,139.4,260.41
9.910557985305786,260.0,139.4,262.32
9.95304560661316,260.0,139.4,260.72
9.996747970581055,260.0,140.26,260.4
10.040226459503174,260.0,140.26,262.0
10.082123756408691,260.0,140.26,260.73
10.126447916030884,260.0,140.26,262.96
10.175905227661133,260.0,135.86,261.06
10.222548246383667,260.0,135.86,260.41
10.275351762771606,260.0,135.86,261.04
10.319406986236572,260.0,135.86,259.77
10.359935283660889,260.0,141.04,262.64
10.404924631118774,260.0,141.04,260.41
10.455081462860107,260.0,141.04,261.69
10.497702360153198,260.0,141.04,259.76
10.54183030128479,260.0,141.11,262.01
10.584773063659668,260.0,141.11,261.37
10.62755823135376,260.0,141.11,261.67
10.675856113433838,260.0,141.11,261.68
10.723653554916382,260.0,137.58,261.04
10.765166759490967,260.0,137.58,262.0
10.817688703536987,260.0,137.58,260.1
10.863186359405518,260.0,137.58,261.37
10.909784078598022,260.0,137.7,261.06
10.951909065246582,260.0,137.7,261.35
10.993144035339355,260.0,137.7,261.04
11.036271810531616,260.0,137.7,260.1
11.078218460083008,260.0,139.71,261.69
11.119783163070679,260.0,139.71,260.4
11.161206007003784,260.0,139.71,261.36
11.204648733139038,260.0,139.71,260.74
11.24407148361206,260.0,138.47,260.74
11.286122560501099,260.0,138.47,260.72
11.327504396438599,260.0,138.47,260.08
11.370187282562256,260.0,138.47,260.4
11.41037392616272,260.0,138.9,259.77
11.453037023544312,260.0,138.9,262.0
11.493804454803467,260.0,138.9,259.78
11.535830974578857,260.0,138.9,260.72
11.576038360595703,260.0,138.19,261.37
11.619773387908936,260.0,138.19,260.72
11.671957731246948,260.0,138.19,261.37
11.72037124633789,260.0,138.19,259.78
11.76629376411438,260.0,139.77,261.69
11.814961194992065,260.0,139.77,260.09
11.859591007232666,260.0,139.77,261.05
11.908097982406616,260.0,139.77,261.05
11.95525574684143,260.0,137.45,260.4
12.000628232955933,260.0,137.45,263.0
12.045887231826782,260.0,137.45,259.46
12.09102749824524,260.0,137.45,261.04
12.145553588867188,260.0,137.17,259.47
12.199241161346436,260.0,137.17,260.71
12.245334386825562,260.0,137.17,259.78
12.29245138168335,260.0,137.17,260.08
12.340353012084961,260.0,138.67,261.04
12.390546083450317,260.0,138.67,259.46
12.443270444869995,260.0,138.67,260.72
12.49751615524292,260.0,138.67,259.47
12.548370599746704,260.0,139.8,260.72
12.601175785064697,260.0,139.8,261.05
12.651387691497803,260.0,139.8,260.71
12.716919898986816,260.0,139.8,261.04
12.767007112503052,260.0,137.0,259.78
12.812164306640625,260.0,137.0,261.36
12.858492374420166,260.0,137.0,259.49
12.905208826065063,260.0,137.0,260.4
12.951257228851318,260.0,137.91,261.04
13.00438380241394,260.0,137.91,259.46
13.057815790176392,260.0,137.91,260.4
13.11063265800476,260.0,137.91,259.76
13.163545608520508,260.0,139.0,262.0
13.216266870498657,260.0,139.0,259.15
13.261971473693848,260.0,139.0,260.4
13.310943126678467,260.0,139.0,260.72
13.359683752059937,260.0,137.26,260.08
13.418716669082642,260.0,137.26,261.04
13.463428974151611,260.0,137.26,259.78
13.508813858032227,260.0,137.26,261.69
13.555451154708862,260.0,135.25,258.53
13.60390329360962,260.0,135.25,260.4
13.67128849029541,260.0,135.25,259.78
13.71760106086731,260.0,135.25,259.45
13.760828971862793,260.0,138.99,260.72
13.805704832077026,260.0,138.99,259.15
13.85073733329773,260.0,138.99,260.41
13.895337343215942,260.0,138.99,259.47
13.939079523086548,260.0,139.09,260.4
13.981456995010376,260.0,139.09,261.36
14.026575326919556,260.0,139.09,259.15
14.072432041168213,260.0,139.09,261.37
14.117236375808716,260.0,135.68,259.15
14.162407159805298,260.0,135.68,261.05
14.210653066635132,260.0,135.68,260.1
14.258176565170288,260.0,135.68,259.77
14.300417423248291,260.0,138.3,261.04
14.34810209274292,260.0,138.3,258.51
14.392902135848999,260.0,138.3,261.04
14.438483238220215,260.0,138.3,259.78
14.4846773147583,260.0,138.34,261.03
14.529934644699097,260.0,138.34,260.1
14.576752185821533,260.0,138.34,260.08
14.621577739715576,260.0,138.34,261.67
14.671226978302002,260.0,134.85,259.46
14.716906070709229,260.0,134.85,261.67
14.764535665512085,260.0,134.85,259.16
14.811091661453247,260.0,134.85,259.77
14.857900381088257,260.0,137.96,260.09
14.902434825897217,260.0,137.96,259.45
14.960410594940186,260.0,137.96,259.77
15.011884689331055,260.0,137.96,259.15
15.063864469528198,260.0,139.19,261.36
15.113773584365845,260.0,139.19,259.15
15.158026218414307,260.0,139.19,260.08
15.203087568283081,260.0,139.19,259.46
15.245368242263794,260.0,138.85,259.76
15.290646314620972,260.0,138.85,260.4
15.336739301681519,260.0,138.85,257.89
15.380436420440674,260.0,138.85,260.73
15.426562309265137,260.0,136.6,259.49
15.47357726097107,260.0,136.6,260.4
15.521266222000122,260.0,136.6,259.46
15.574794292449951,260.0,136.6,259.46
15.627111911773682,260.0,138.8,261.04
15.678599834442139,260.0,138.8,259.13
15.733961582183838,260.0,138.8,260.73
15.77573561668396,260.0,138.8,259.79
15.827986717224121,260.0,138.32,260.4
15.873807668685913,260.0,138.32,261.35
15.92396593093872,260.0,138.32,259.15
15.96763801574707,260.0,138.32,261.04
16.028794050216675,260.0,136.04,258.84
16.076599836349487,260.0,136.04,260.72
16.121111154556274,260.0,136.04,260.41
16.16600489616394,260.0,136.04,259.45
16.212164878845215,260.0,138.74,262.0
16.256671667099,260.0,138.74,259.45
16.3077609539032,260.0,138.74,260.72
16.353168725967407,260.0,138.74,258.84
16.401484727859497,260.0,140.03,262.33
16.45362877845764,260.0,140.03,260.72
16.505704164505005,260.0,140.03,260.4
16.558589696884155,260.0,140.03,262.65
16.60433840751648,260.0,133.2,260.08
16.646199226379395,260.0,133.2,261.69
16.68978190422058,260.0,133.2,258.52
16.733481645584106,260.0,133.2,260.1
16.788079023361206,260.0,137.26,259.78
16.832172632217407,260.0,137.26,259.46
16.87633967399597,260.0,137.26,261.36
16.921164751052856,260.0,137.26,259.46
16.96681046485901,260.0,137.26,262.02
17.013773441314697,260.0,133.62,258.84
17.065232276916504,260.0,133.62,259.77
17.108725547790527,260.0,133.62,259.48
17.152332067489624,260.0,133.62,259.77
17.196584224700928,260.0,133.62,259.14
17.244004726409912,260.0,138.46,258.51
17.28813409805298,260.0,138.46,260.41
17.333334922790527,260.0,138.46,259.47
17.38117265701294,260.0,138.46,260.4
17.429821014404297,260.0,136.34,259.14
17.474341869354248,260.0,136.34,258.83
17.52592897415161,260.0,136.34,260.42
17.568414211273193,260.0,136.34,257.6
17.61212658882141,260.0,141.48,260.41
17.657853364944458,260.0,141.48,260.4
17.70270085334778,260.0,141.48,259.45
17.75620126724243,260.0,141.48,262.02
17.800955772399902,260.0,133.86,258.52
17.849408626556396,260.0,133.86,261.05
17.906908988952637,260.0,133.86,258.84
17.952542066574097,260.0,133.86,259.77
18.005017280578613,260.0,137.52,260.08
18.051317930221558,260.0,137.52,259.46
18.10461974143982,260.0,137.52,260.09
18.150322914123535,260.0,137.52,258.2
18.195574283599854,260.0,140.52,261.05
18.239980936050415,260.0,140.52,259.15
18.284551858901978,260.0,140.52,260.08
18.328609943389893,260.0,140.52,260.09
18.374863624572754,260.0,137.48,260.4
18.423486709594727,260.0,137.48,261.05
18.47787380218506,260.0,137.48,258.84
18.53167200088501,260.0,137.48,260.73
18.57690691947937,260.0,136.25,260.1
18.63036298751831,260.0,136.25,260.4
18.68406367301941,260.0,136.25,260.4
18.735788583755493,260.0,136.25,258.82
18.780362844467163,260.0,139.63,261.37
18.82657265663147,260.0,139.63,259.15
18.872674226760864,260.0,139.63,261.06
18.91712498664856,260.0,139.63,259.47
18.963808059692383,260.0,138.73,261.04
19.012179374694824,260.0,138.73,261.04
19.061339139938354,260.0,138.73,260.71
19.12893772125244,260.0,138.73,261.69
19.17600178718567,260.0,134.72,259.47
19.220789670944214,260.0,134.72,261.37
19.263488054275513,260.0,134.72,259.47
19.30964207649231,260.0,134.72,261.03
19.35490083694458,260.0,135.49,259.78
19.400174140930176,260.0,135.49,259.46
19.44400691986084,260.0,135.49,261.04
19.489120960235596,260.0,135.49,257.89
19.533977031707764,260.0,141.1,260.73
19.57908296585083,260.0,141.1,259.79
19.625882863998413,260.0,141.1,261.03
19.674253940582275,260.0,141.1,261.36
19.72320866584778,260.0,135.17,259.78
19.77331805229187,260.0,135.17,260.73
19.8204984664917,260.0,135.17,258.21
19.867889642715454,230.0,105.1,229.91
19.920499324798584,230.0,108.35,230.41
19.970024824142456,230.0,105.1,230.91
20.01811170578003,230.0,105.1,229.43
20.06598401069641,230.0,105.1,228.69
20.113115072250366,230.0,105.1,229.91
20.16191601753235,230.0,105.1,230.91
20.21058416366577,230.0,105.1,229.43
20.25652837753296,230.0,105.1,228.69
20.30365014076233,230.0,105.1,229.91
20.360973358154297,230.0,105.92,231.16
20.416507482528687,230.0,105.92,230.41
20.466506481170654,230.0,105.92,229.66
20.5174343585968,230.0,105.92,229.92
20.568904876708984,230.0,105.93,229.18
20.613289833068848,230.0,105.93,229.66
20.65910840034485,230.0,105.93,230.91
20.724538803100586,230.0,105.93,231.66
20.76831555366516,230.0,102.68,230.16
20.81305956840515,230.0,102.68,229.69
20.85909342765808,230.0,102.68,228.2
20.9126193523407,230.0,102.68,228.44
20.961633682250977,230.0,108.28,230.65
21.01472520828247,230.0,108.28,230.41
21.061413049697876,230.0,108.28,229.18
21.10915493965149,230.0,108.28,229.92
21.16892433166504,230.0,105.93,230.18
21.227525234222412,230.0,105.93,228.69
21.26956820487976,230.0,105.93,229.67
21.31413698196411,230.0,105.93,231.16
21.360337495803833,230.0,105.93,230.41
21.407732009887695,230.0,105.03,229.67
21.460015296936035,230.0,105.03,229.92
21.51236867904663,230.0,105.03,228.93
21.566824913024902,230.0,105.03,228.93
21.616005182266235,230.0,105.03,230.16
21.66276478767395,230.0,105.39,230.66
21.709726572036743,230.0,105.39,230.66
21.756764888763428,230.0,105.39,230.67
21.803248405456543,230.0,105.39,228.2
21.849406719207764,230.0,109.02,229.18
21.895323276519775,230.0,109.02,231.4
21.95089340209961,230.0,109.02,231.67
22.00714635848999,230.0,109.02,230.66
22.06459617614746,230.0,104.9,230.16
22.12308406829834,230.0,104.9,230.67
22.176870107650757,230.0,104.9,229.42
22.22407555580139,230.0,104.9,229.67
22.268667936325073,230.0,106.58,231.17
22.315348148345947,230.0,106.58,231.9
22.361608505249023,230.0,106.58,229.67
22.4108943939209,230.0,106.58,229.92
22.459515810012817,230.0,106.2,230.65
22.506789922714233,230.0,106.2,230.16
22.553226947784424,230.0,106.2,230.41
22.602113485336304,230.0,106.2,231.91
22.65007781982422,230.0,102.48,230.16
22.695090532302856,230.0,102.48,229.2
22.741164445877075,230.0,102.48,228.45
22.789737224578857,230.0,102.48,229.17
22.83795952796936,230.0,107.1,229.42
22.887198209762573,230.0,107.1,230.91
22.933977603912354,230.0,107.1,231.16
22.980140924453735,230.0,107.1,230.18
23.02726101875305,230.0,105.44,229.2
23.073122262954712,230.0,105.44,229.67
23.11784815788269,230.0,105.44,229.42
23.16361165046692,230.0,105.44,229.93
23.212890148162842,230.0,105.85,231.16
23.2674720287323,230.0,105.85,229.43
23.322161197662354,230.0,105.85,229.19
23.373405933380127,230.0,105.85,229.43
23.43453812599182,230.0,106.81,228.93
23.482104539871216,230.0,106.81,229.66
23.5269775390625,230.0,106.81,231.16
23.581358194351196,230.0,106.81,230.91
23.634072065353394,230.0,104.2,229.68
23.683674335479736,230.0,104.2,228.7
23.730498790740967,230.0,104.2,229.18
23.777302742004395,230.0,104.2,229.42
23.825695037841797,230.0,106.75,230.66
23.87350296974182,230.0,106.75,229.91
23.920433282852173,230.0,106.75,229.18
23.966908931732178,230.0,106.75,229.93
24.01358652114868,230.0,105.94,229.18
24.060044527053833,230.0,105.94,228.93
24.108419179916382,230.0,105.94,230.41
24.154638290405273,230.0,105.94,230.41
24.200971364974976,230.0,105.06,229.92
24.25447368621826,230.0,105.06,230.17
24.299941539764404,230.0,105.06,228.44
24.34560227394104,230.0,105.06,228.2
24.390503406524658,230.0,109.1,230.91
24.434961080551147,230.0,109.1,230.91
24.479705572128296,230.0,109.1,230.66
24.52524733543396,230.0,109.1,230.41
24.570295810699463,230.0,105.44,230.67
24.613780736923218,230.0,105.44,229.43
24.658905029296875,230.0,105.44,229.91
24.70646071434021,230.0,105.44,231.17
24.752359867095947,230.0,103.91,231.16
24.798412084579468,230.0,103.91,229.19
24.843879222869873,230.0,103.91,229.93
24.892138242721558,230.0,103.91,229.67
24.941770553588867,230.0,106.39,228.44
24.987972736358643,230.0,106.39,230.17
25.035080909729004,230.0,106.39,231.41
25.08214259147644,230.0,106.39,230.41
25.13083052635193,230.0,105.09,230.17
25.183935403823853,230.0,105.09,228.93
25.24285316467285,230.0,105.09,228.93
25.294560194015503,230.0,105.09,230.41
25.346237659454346,230.0,104.98,231.16
25.399738788604736,230.0,104.98,229.91
25.450697660446167,230.0,104.98,229.18
25.504319190979004,230.0,104.98,229.19
25.559316873550415,230.0,107.15,228.93
25.612112998962402,230.0,107.15,229.42
25.66705822944641,230.0,107.15,230.91
25.724071741104126,230.0,107.15,230.66
25.779335021972656,230.0,104.62,230.66
25.83535075187683,230.0,104.62,230.42
25.87854290008545,230.0,104.62,228.93
25.92425799369812,230.0,104.62,229.17
25.970922231674194,230.0,107.24,230.41
26.015700578689575,230.0,107.24,231.65
26.060371160507202,230.0,107.24,230.17
26.10453510284424,230.0,107.24,230.66
26.157331943511963,230.0,104.67,230.67
26.208317279815674,230.0,104.67,229.43
26.251856327056885,230.0,104.67,229.91
26.304896116256714,230.0,104.67,230.92
26.350396871566772,230.0,104.0,230.66
26.40297031402588,230.0,104.0,228.93
26.445716857910156,230.0,104.0,229.43
26.49092936515808,230.0,104.0,228.93
26.536229848861694,230.0,107.47,228.69
26.581149339675903,230.0,107.47,230.16
26.630470514297485,230.0,107.47,230.91
26.688945055007935,230.0,107.47,231.16
26.740821361541748,230.0,103.59,229.68
26.789688110351562,230.0,103.59,229.18
26.837623834609985,230.0,103.59,228.93
26.88521718978882,230.0,103.59,229.67
26.933077335357666,230.0,106.06,230.66
26.98780608177185,230.0,106.06,229.91
27.03367280960083,230.0,106.06,229.42
27.079500913619995,230.0,106.06,229.43
27.125727653503418,230.0,106.6,229.18
27.17149019241333,230.0,106.6,229.42
27.224625825881958,230.0,106.6,230.41
27.272197246551514,230.0,106.6,230.41
27.32049322128296,230.0,104.93,230.41
27.36829400062561,230.0,104.93,230.42
27.414495944976807,230.0,104.93,228.2
27.467764854431152,230.0,104.93,228.93
27.523077249526978,230.0,107.59,230.9
27.586601734161377,230.0,107.59,230.9
27.630924701690674,230.0,107.59,229.92
27.68042516708374,230.0,107.59,230.41
27.7353675365448,230.0,105.1,229.67
27.794433116912842,230.0,105.1,229.42
27.84120512008667,230.0,105.1,230.41
27.888886213302612,230.0,105.1,231.16
27.938133001327515,230.0,103.58,229.91
27.984856128692627,230.0,103.58,229.18
28.03643250465393,230.0,103.58,228.71
28.098087549209595,230.0,103.58,227.23
28.144445180892944,230.0,110.64,227.95
28.19868540763855,230.0,110.64,228.44
28.25216054916382,230.0,110.64,228.21
28.299396514892578,230.0,110.64,227.97
28.34311270713806,230.0,110.03,226.27
28.390411615371704,230.0,110.03,224.85
28.43534231185913,230.0,110.03,222.75
28.479565620422363,230.0,110.03,221.36
28.525540828704834,230.0,122.99,220.91
28.574462413787842,230.0,122.99,220.22
28.617822885513306,230.0,122.99,218.64
28.663645267486572,230.0,122.99,217.09
28.715413331985474,230.0,133.4,215.78
28.761157035827637,230.0,133.4,216.21
28.809250593185425,230.0,133.4,216.88
28.865628719329834,230.0,133.4,217.76
28.91878366470337,230.0,135.72,220.22
28.96364736557007,230.0,135.72,222.05
29.01147198677063,230.0,135.72,224.86
29.058233737945557,230.0,135.72,225.32
29.104820489883423,230.0,124.92,226.53
29.158643007278442,230.0,124.92,227.71
29.206735134124756,230.0,124.92,228.2
29.25091791152954,230.0,124.92,231.4
29.30078649520874,230.0,114.78,233.43
29.346978902816772,230.0,114.78,232.92
29.39184808731079,230.0,114.78,231.93
29.435258626937866,230.0,114.78,232.16
29.48061490058899,230.0,112.98,233.68
29.52552032470703,230.0,112.98,235.49
29.57330012321472,230.0,112.98,236.0
29.619515657424927,230.0,112.98,236.27
29.666720390319824,230.0,104.66,236.0
29.726579904556274,230.0,104.66,236.26
29.774912118911743,230.0,104.66,237.04
29.821999073028564,230.0,104.66,236.78
29.868922472000122,230.0,101.96,235.23
29.91795063018799,230.0,101.96,234.96
29.967231273651123,230.0,101.96,235.74
30.01609706878662,230.0,101.96,236.26
30.063040494918823,230.0,101.06,234.96
30.12383508682251,230.0,101.06,234.71
30.18121862411499,230.0,101.06,234.19
30.23298454284668,230.0,101.06,235.22
30.289677143096924,230.0,101.29,236.0
30.33765459060669,230.0,101.29,235.22
30.390232801437378,230.0,101.29,234.45
30.435239791870117,230.0,101.29,235.22
30.47984743118286,230.0,99.84,235.47
30.530458688735962,230.0,99.84,235.23
30.584911584854126,230.0,99.84,234.71
30.63006901741028,230.0,99.84,232.67
30.676111221313477,230.0,103.18,231.92
30.738715410232544,230.0,103.18,230.17
30.782012701034546,230.0,103.18,231.41
30.827074766159058,230.0,103.18,232.4
30.879504919052124,230.0,103.18,231.65
30.92369818687439,230.0,104.36,230.91
30.969350576400757,230.0,104.36,231.42
31.013237714767456,230.0,104.36,229.67
31.05861759185791,230.0,104.36,229.67
31.113324403762817,230.0,107.63,230.91
31.167224407196045,230.0,107.63,231.41
31.218335390090942,230.0,107.63,231.16
31.259008646011353,230.0,107.63,230.68
31.3154776096344,230.0,105.82,229.93
31.3617045879364,230.0,105.82,230.16
31.41357135772705,230.0,105.82,230.65
31.460834741592407,230.0,105.82,230.42
31.506996870040894,230.0,106.12,231.66
31.55567741394043,230.0,106.12,230.41
31.612234354019165,230.0,106.12,228.94
31.669436931610107,230.0,106.12,228.93
31.725189685821533,230.0,108.8,230.9
31.77316904067993,230.0,108.8,231.16
31.829748392105103,230.0,108.8,231.41
31.884204864501953,230.0,108.8,231.42
31.92784023284912,230.0,104.42,230.93
31.973713159561157,230.0,104.42,229.42
32.01924157142639,230.0,104.42,229.91
32.065929651260376,230.0,104.42,230.9
32.111639976501465,230.0,105.0,231.16
32.16250276565552,230.0,105.0,230.41
32.21215605735779,230.0,105.0,229.69
32.26552963256836,230.0,105.0,227.96
32.31224799156189,230.0,110.28,228.68
32.36102795600891,230.0,110.28,231.16
32.41092371940613,230.0,110.28,231.91
32.459070682525635,230.0,110.28,231.92
32.505518674850464,230.0,103.41,230.91
32.55167078971863,230.0,103.41,229.92
32.60067391395569,230.0,103.41,229.67
32.6629273891449,230.0,103.41,230.16
32.720741748809814,230.0,106.18,231.17
32.76712965965271,230.0,106.18,230.91
32.81254482269287,230.0,106.18,229.42
32.85840678215027,230.0,136.18,231.91
32.90440654754639,230.0,102.85,232.67
32.95035099983215,230.0,102.85,233.42
32.996018171310425,230.0,102.85,232.42
33.04182767868042,230.0,102.85,232.42
33.10098147392273,230.0,101.37,231.42
33.146918535232544,230.0,101.37,229.66
33.19495630264282,230.0,101.37,229.42
33.243141412734985,230.0,101.37,229.91
33.29130578041077,230.0,105.4,230.91
33.3392767906189,230.0,105.4,230.16
33.3872594833374,230.0,105.4,229.43
33.435686349868774,230.0,105.4,229.92
33.483301877975464,230.0,105.41,229.43
33.53073501586914,230.0,105.41,229.18
33.581491470336914,230.0,105.41,229.92
33.63027000427246,230.0,105.41,231.16
33.67958974838257,230.0,103.1,230.16
33.727866888046265,230.0,103.1,229.19
33.77716135978699,230.0,103.1,227.47
33.825603723526,230.0,103.1,227.95
33.8800094127655,230.0,108.8,229.92
33.926976680755615,230.0,108.8,230.16
33.97542929649353,230.0,108.8,229.42
34.022517681121826,230.0,108.8,230.16
34.06971287727356,230.0,105.22,229.43
34.116005420684814,230.0,105.22,229.18
34.16259479522705,230.0,105.22,229.66
34.21151804924011,230.0,105.22,230.16
34.2567183971405,230.0,105.18,229.67
34.30337882041931,230.0,105.18,231.41
34.3479118347168,230.0,105.18,229.44
34.393893003463745,230.0,105.18,227.72
34.443466663360596,230.0,109.73,229.43
34.50446915626526,230.0,109.73,231.15
34.548827171325684,230.0,109.73,231.19
34.596027135849,230.0,109.73,231.16
34.644779920578,230.0,103.9,231.66
34.69002079963684,230.0,103.9,228.7
34.73529815673828,230.0,103.9,229.18
34.77995777130127,230.0,103.9,230.65
34.826149225234985,230.0,104.52,231.16
34.87336874008179,230.0,104.52,229.68
34.91993021965027,230.0,104.52,229.68
34.96593189239502,230.0,104.52,229.43
35.009695529937744,230.0,106.63,228.93
35.05690908432007,230.0,106.63,228.93
35.10200786590576,230.0,106.63,230.41
35.1460816860199,230.0,106.63,230.16
35.19146680831909,230.0,105.42,230.41
35.23975849151611,230.0,105.42,229.44
35.28721761703491,230.0,105.42,227.96
35.34250044822693,230.0,105.42,228.69
35.397584438323975,230.0,108.14,230.41
35.44376587867737,230.0,103.13,227.96
35.49185252189636,230.0,103.13,229.67
35.539610385894775,230.0,103.13,230.16
35.586825370788574,30.0,105.94,231.66
35.63188886642456,230.0,103.13,229.69
35.68482756614685,230.0,103.13,227.96
35.727513551712036,230.0,103.13,229.67
35.76991057395935,230.0,103.13,230.16
35.811562299728394,230.0,105.48,229.92
35.855034589767456,230.0,105.48,229.67
35.89669585227966,230.0,105.48,229.68
35.93971538543701,230.0,105.48,227.97
35.98256850242615,230.0,109.55,229.43
36.0254590511322,230.0,109.55,229.42
36.06798505783081,230.0,109.55,228.93
36.10998845100403,230.0,109.55,229.92
36.15308117866516,230.0,106.45,228.93
36.19624638557434,230.0,106.45,226.52
36.24173378944397,230.0,106.45,225.09
36.28361654281616,230.0,106.45,224.38
36.323328495025635,230.0,116.88,223.9
36.362754583358765,230.0,116.88,224.13
36.4036180973053,230.0,116.88,223.2
36.44420146942139,230.0,116.88,222.51
36.48598647117615,230.0,121.95,222.74
36.524778842926025,230.0,121.95,221.36
36.56702280044556,230.0,121.95,221.13
36.6077561378479,230.0,121.95,219.31
36.64978814125061,230.0,130.02,218.43
36.69117021560669,230.0,130.02,217.54
36.734347105026245,230.0,130.02,216.44
36.77736496925354,230.0,130.02,215.56
36.820223331451416,230.0,140.02,215.56
36.86132287979126,230.0,140.02,215.99
36.91040396690369,230.0,140.02,216.87
36.954586029052734,230.0,140.02,217.09
36.995877265930176,230.0,141.15,216.86
37.044042348861694,230.0,141.15,216.65
37.094167709350586,230.0,141.15,216.21
37.138020753860474,230.0,141.15,217.31
37.18725824356079,230.0,144.31,218.64
37.22862887382507,230.0,144.31,221.13
37.276469707489014,230.0,144.31,222.97
37.317675828933716,230.0,144.31,224.14
37.3583402633667,230.0,134.99,226.99
37.41214442253113,230.0,134.99,227.96
37.454352140426636,230.0,134.99,229.43
37.49614596366882,230.0,134.99,231.4
37.53886556625366,230.0,122.98,232.91
37.581297636032104,230.0,122.98,234.45
37.62463402748108,230.0,122.98,235.74
37.66938829421997,230.0,122.98,235.23
37.71315932273865,230.0,115.4,236.0
37.76606464385986,230.0,115.4,237.04
37.808512926101685,230.0,115.4,237.57
37.85171937942505,230.0,115.4,237.05
37.89408564567566,230.0,110.53,235.74
37.940181016922,230.0,110.53,236.0
37.98502731323242,230.0,110.53,236.53
38.02566695213318,230.0,110.53,236.0
38.06978440284729,230.0,110.56,235.22
38.12097191810608,230.0,110.56,234.45
38.16638207435608,230.0,110.56,234.96
38.21196365356445,230.0,110.56,236.0
38.25432825088501,230.0,108.9,235.74
38.29631447792053,230.0,108.9,233.95
38.34919762611389,230.0,108.9,233.43
38.39052414894104,230.0,108.9,233.93
38.432865381240845,230.0,111.12,236.0
38.48180913925171,230.0,111.12,237.04
38.536479473114014,230.0,111.12,235.75
38.57790946960449,230.0,111.12,235.48
38.61945056915283,230.0,107.12,236.78
38.66056537628174,230.0,107.12,237.32
38.70409035682678,230.0,107.12,236.26
38.74445033073425,230.0,107.12,234.7
38.78668260574341,230.0,107.07,235.48
38.826884031295776,230.0,107.07,235.47
38.86858129501343,230.0,107.07,235.74
38.90946102142334,230.0,107.07,235.22
38.95144772529602,230.0,104.79,233.94
38.998799324035645,230.0,104.79,234.96
39.0388867855072,230.0,104.79,234.96
39.08193325996399,230.0,104.79,235.74
39.123735666275024,230.0,102.37,236.0
39.1641960144043,230.0,102.37,233.94
39.207139015197754,230.0,102.37,235.48
39.26503944396973,230.0,102.37,236.26
39.31361484527588,230.0,99.8,236.0
39.36385107040405,230.0,99.8,236.0
39.41073822975159,230.0,99.8,235.48
39.45054864883423,230.0,99.8,234.72
39.497525691986084,230.0,100.97,234.7
39.54354381561279,230.0,100.97,236.25
39.58786654472351,230.0,100.97,236.27
39.631866216659546,230.0,100.97,234.97
39.68254375457764,230.0,100.97,234.72
39.72956824302673,230.0,99.66,233.17
39.77697467803955,230.0,99.66,232.16
39.82046723365784,230.0,99.66,231.15
39.86082696914673,230.0,99.66,231.41
39.903976917266846,230.0,104.58,232.92
39.94625425338745,230.0,104.58,232.16
39.99015402793884,230.0,104.58,230.66
40.03335428237915,230.0,104.58,229.19
40.07689833641052,230.0,108.36,230.67
40.121501445770264,230.0,108.36,231.66
40.16452217102051,230.0,108.36,231.92
40.20811343193054,230.0,108.36,231.91
40.24865508079529,230.0,103.46,231.66
40.29063653945923,230.0,103.46,229.43
40.33326172828674,230.0,103.46,229.67
40.37695789337158,230.0,103.46,231.4
40.43059730529785,230.0,103.89,231.91
40.47374486923218,230.0,103.89,230.41
40.51645493507385,230.0,103.89,229.67
40.56060028076172,230.0,103.89,229.7
40.60385179519653,230.0,103.89,227.96
40.64626097679138,230.0,109.97,229.42
40.68881177902222,230.0,109.97,231.16
40.731889724731445,230.0,109.97,231.41
40.77388095855713,230.0,109.97,230.16
40.81561040878296,230.0,109.97,230.42
40.85796761512756,230.0,105.91,230.41
40.89971470832825,230.0,105.91,230.66
40.940195083618164,230.0,105.91,230.41
40.981971979141235,230.0,105.91,231.66
41.02355241775513,230.0,103.46,230.41
41.06603026390076,230.0,103.46,229.44
41.11407160758972,230.0,103.46,229.43
41.157272815704346,230.0,103.46,229.91
41.199835777282715,200.0,49.96,224.37
41.243112564086914,200.0,49.96,220.22
41.292465686798096,200.0,49.96,214.91
41.33516478538513,200.0,49.96,209.86
41.384289026260376,200.0,49.96,205.23
41.42459964752197,200.0,88.03,205.43
41.46557426452637,200.0,88.03,206.02
41.50671982765198,200.0,88.03,206.42
41.563512563705444,200.0,88.03,206.41
41.61443543434143,200.0,84.36,205.03
41.656514406204224,200.0,84.36,204.45
41.69996428489685,200.0,84.36,203.47
41.74373245239258,200.0,84.36,203.29
41.78907370567322,200.0,84.36,203.67
41.836594343185425,200.0,87.73,203.67
41.89115643501282,200.0,87.73,204.05
41.935790061950684,200.0,87.73,203.66
41.99256873130798,200.0,87.73,202.13
42.0440559387207,200.0,89.61,201.75
42.09486746788025,200.0,89.61,202.71
42.14270853996277,200.0,89.61,204.25
42.19342589378357,200.0,89.61,203.86
42.24543762207031,200.0,85.77,203.47
42.285298585891724,200.0,85.77,202.51
42.324320554733276,200.0,85.77,201.75
42.36958169937134,200.0,85.77,201.75
42.41213393211365,200.0,88.66,201.75
42.46117377281189,200.0,88.66,202.7
42.51006031036377,200.0,88.66,202.13
42.55795383453369,200.0,88.66,201.93
42.60417819023132,200.0,87.84,201.17
42.6437201499939,200.0,87.84,201.37
42.68570327758789,200.0,87.84,201.56
42.726940870285034,200.0,87.84,201.94
42.7688353061676,200.0,87.28,201.93
42.810030937194824,200.0,87.28,201.17
42.85361170768738,200.0,87.28,201.17
42.89569664001465,200.0,87.28,201.39
42.93712902069092,200.0,87.79,202.7
42.97769355773926,200.0,87.79,201.94
43.02285861968994,200.0,87.79,201.36
43.06453013420105,200.0,87.79,200.61
43.10837650299072,200.0,88.87,200.05
43.166056871414185,200.0,88.87,200.99
43.219106912612915,200.0,88.87,202.13
43.258012771606445,200.0,88.87,201.75
43.30137252807617,200.0,86.56,201.55
43.343656063079834,200.0,86.56,200.61
43.3847599029541,200.0,86.56,200.43
43.425007820129395,200.0,86.56,201.37
43.46655535697937,200.0,86.56,200.8
43.50836968421936,200.0,87.86,201.18
43.54994821548462,200.0,87.86,200.98
43.59138298034668,200.0,87.86,200.43
43.64123582839966,200.0,87.86,200.25
43.682215213775635,200.0,88.66,200.8
43.741559982299805,200.0,88.66,201.56
43.790061950683594,200.0,88.66,200.98
43.83787679672241,200.0,88.66,200.8
43.885263204574585,200.0,88.66,199.86
43.929216146469116,200.0,89.32,200.81
43.9741005897522,200.0,89.32,201.94
44.01881122589111,200.0,89.32,202.51
44.06583619117737,200.0,89.32,202.12
44.108880281448364,200.0,85.12,200.61
44.15752816200256,200.0,85.12,199.68
44.20542907714844,200.0,85.12,201.37
44.24620866775513,200.0,85.12,200.99
44.28723859786987,200.0,85.12,200.98
44.329625606536865,200.0,86.67,200.8
44.37424325942993,200.0,86.67,200.06
44.42419195175171,200.0,86.67,199.69
44.46655750274658,200.0,86.67,199.68
44.51242804527283,200.0,88.85,200.98
44.55769681930542,200.0,88.85,200.99
44.603779554367065,200.0,88.85,200.23
44.656673431396484,200.0,88.85,199.49
44.7014319896698,200.0,88.85,200.8
44.74606990814209,200.0,86.83,202.13
44.79262185096741,200.0,86.83,201.55
44.83891701698303,200.0,86.83,200.98
44.885002851486206,200.0,86.83,199.86
44.93397283554077,200.0,86.83,199.68
44.99340510368347,200.0,88.71,200.42
45.04368996620178,200.0,88.71,201.18
45.09634828567505,200.0,88.71,200.8
45.149197816848755,200.0,88.71,200.8
45.19526410102844,200.0,86.7,200.05
45.24072790145874,200.0,86.7,199.88
45.291778326034546,200.0,86.7,201.37
45.33966875076294,200.0,86.7,201.17
45.385584115982056,200.0,86.7,200.8
45.42918848991394,200.0,86.49,199.68
45.47518825531006,200.0,86.49,198.76
45.51880955696106,200.0,86.49,200.06
45.56210470199585,200.0,86.49,200.61
45.60739874839783,200.0,86.61,200.43
45.653552293777466,200.0,86.61,200.23
45.69986581802368,200.0,86.61,199.49
45.74486207962036,200.0,86.61,199.5
45.79859375953674,200.0,86.61,200.99
45.84196066856384,200.0,85.73,200.61
45.89937686920166,200.0,85.73,199.67
45.94720983505249,200.0,85.73,199.12
45.99834132194519,200.0,85.73,198.2
46.054906606674194,200.0,85.73,199.13
46.09825873374939,200.0,88.96,199.87
46.142531633377075,200.0,88.96,199.3
46.19489765167236,200.0,88.96,198.75
46.24116349220276,200.0,88.96,197.83
46.28478717803955,200.0,91.63,199.87
46.3318235874176,200.0,91.63,200.43
46.378182888031006,200.0,91.63,200.99
46.423747062683105,200.0,91.63,200.8
46.467674255371094,200.0,91.63,200.61
46.51281476020813,200.0,87.01,200.81
46.56484913825989,200.0,87.01,200.99
46.61842107772827,200.0,87.01,201.74
46.66322660446167,200.0,87.01,200.99
46.70835208892822,200.0,86.14,200.04
46.76208257675171,200.0,86.14,198.93
46.808990478515625,200.0,86.14,200.05
46.85436129570007,200.0,86.14,200.42
46.8993775844574,200.0,86.14,200.42
46.94533038139343,200.0,86.92,199.86
47.00141358375549,200.0,86.92,198.75
47.051398277282715,200.0,86.92,199.51
47.102028131484985,200.0,86.92,199.86
47.15858244895935,200.0,86.92,200.8
47.21439599990845,200.0,86.09,200.05
47.266947984695435,200.0,86.09,199.3
47.31557106971741,200.0,86.09,198.57
47.361918926239014,200.0,86.09,199.68
47.41987586021423,200.0,87.98,199.49
47.46986770629883,200.0,87.98,199.68
47.51514410972595,200.0,87.98,199.12
47.561269998550415,200.0,87.98,198.38
47.61064410209656,200.0,87.98,199.68
47.66073513031006,200.0,88.07,200.06
47.71699500083923,200.0,88.07,199.87
47.77538561820984,200.0,88.07,199.3
47.823832273483276,200.0,88.07,198.94
47.87166690826416,200.0,89.55,199.51
47.916786670684814,200.0,89.55,201.18
47.962774991989136,200.0,89.55,200.99
48.0093719959259,200.0,89.55,200.98
48.057862997055054,200.0,89.55,200.61
48.1042594909668,200.0,86.7,199.31
48.1527304649353,200.0,86.7,200.8
48.197938442230225,200.0,86.7,200.8
48.2490177154541,200.0,86.7,201.18
48.29699158668518,200.0,85.46,200.23
48.34245252609253,200.0,85.46,199.68
48.39467811584473,200.0,85.46,199.88
48.44958424568176,200.0,85.46,199.49
48.498833894729614,200.0,85.46,200.43
48.55331516265869,200.0,86.55,200.23
48.605032444000244,200.0,86.55,199.3
48.652156591415405,200.0,86.55,198.75
48.69488573074341,200.0,86.55,199.86
48.75511360168457,200.0,86.55,200.24
48.807971715927124,200.0,86.79,200.05
48.85984396934509,200.0,86.79,199.3
48.90986347198486,200.0,86.79,198.57
48.95392465591431,200.0,86.79,199.13
48.998719930648804,200.0,88.8,200.43
49.044068813323975,200.0,88.8,200.43
49.091254234313965,200.0,88.8,199.86
49.13684964179993,200.0,88.8,199.12
49.18179678916931,200.0,88.8,199.5
49.225770711898804,200.0,88.34,200.05
49.27010893821716,200.0,88.34,200.42
49.315059423446655,200.0,88.34,200.61
49.36237049102783,200.0,88.34,199.86
49.40844249725342,200.0,87.81,198.94
49.456076860427856,200.0,87.81,200.24
49.50091814994812,200.0,87.81,200.61
49.545289278030396,200.0,87.81,201.36
49.59193444252014,200.0,87.81,200.98
49.64349722862244,200.0,85.74,199.86
49.69205021858215,200.0,85.74,199.69
49.74096322059631,200.0,85.74,199.67
49.79103422164917,200.0,85.74,200.62
49.848618268966675,200.0,86.16,200.23
49.89572358131409,200.0,86.16,199.48
49.94094514846802,200.0,86.16,198.57
49.98610472679138,200.0,86.16,199.67
50.03316378593445,200.0,87.76,200.05
50.07999038696289,200.0,87.76,199.87
50.127256631851196,200.0,87.76,199.3
50.17483377456665,200.0,87.76,199.3
50.22217321395874,200.0,88.55,199.87
50.26562571525574,200.0,88.55,200.99
50.3151376247406,200.0,88.55,200.8
50.358295917510986,200.0,88.55,200.42
50.40374135971069,200.0,86.64,199.3
50.45031404495239,200.0,86.64,199.13
50.49435806274414,200.0,86.64,199.3
50.539406538009644,200.0,86.64,200.24
50.583961725234985,200.0,86.86,199.86
50.63141107559204,200.0,86.86,199.3
50.679847955703735,200.0,86.86,198.02
50.72653365135193,200.0,86.86,199.5
50.77713656425476,200.0,88.19,200.05
50.82249617576599,200.0,88.19,199.87
50.872522592544556,200.0,88.19,200.04
50.927775144577026,200.0,88.19,199.49
50.99278235435486,200.0,88.34,199.87
51.04099225997925,200.0,88.34,200.61
51.08774018287659,200.0,88.34,200.42
51.13859844207764,200.0,88.34,200.05
51.19013810157776,200.0,87.44,199.86
51.23356318473816,200.0,87.44,198.75
51.28120827674866,200.0,87.44,199.68
51.332622051239014,200.0,87.44,199.13
51.383949995040894,200.0,87.44,198.19
51.4329195022583,200.0,90.9,197.1
51.47530794143677,200.0,90.9,195.84
51.518967151641846,200.0,90.9,196.02
51.563026428222656,200.0,90.9,195.84
51.63027620315552,200.0,95.83,194.95
51.67871952056885,200.0,95.83,193.54
51.726816177368164,200.0,95.83,193.2
51.7730667591095,200.0,95.83,192.84
51.82224225997925,200.0,95.83,191.8
51.87402820587158,200.0,104.56,190.26
51.919615507125854,200.0,104.56,189.61
51.973485231399536,200.0,104.56,189.09
52.0267767906189,200.0,104.56,188.59
52.07639455795288,200.0,104.56,188.1
52.122313261032104,200.0,113.79,187.6
52.1704683303833,200.0,113.79,188.77
52.216965675354004,200.0,113.79,190.44
52.26592254638672,200.0,113.79,190.61
52.32400321960449,230.0,105.74,2265.0
52.37029266357422,230.0,110.93,229.92
52.4193320274353,230.0,110.93,230.41
52.47206091880798,230.0,105.74,229.92
52.51626992225647,230.0,105.74,229.19
52.56265926361084,230.0,105.74,228.44
52.6075005531311,230.0,105.74,229.42
52.653499364852905,230.0,107.48,229.91
52.70231223106384,230.0,107.48,229.67
52.747551918029785,230.0,107.48,231.16
52.79281163215637,230.0,107.48,229.92
52.84985947608948,230.0,106.69,228.2
52.892929792404175,230.0,106.69,228.93
52.937058210372925,230.0,106.69,230.41
52.98152470588684,230.0,106.69,229.43
53.025026082992554,230.0,107.64,230.42
53.07030987739563,230.0,107.64,228.93
53.11504292488098,230.0,107.64,228.94
53.15985822677612,230.0,107.64,229.42
53.21053504943848,230.0,107.81,228.68
53.25273013114929,230.0,107.81,229.42
53.29882287979126,230.0,107.81,231.16
53.344731092453,230.0,107.81,230.65
53.38823890686035,230.0,105.66,229.18
53.430962324142456,230.0,105.66,229.69
53.473490953445435,230.0,105.66,228.44
53.51653552055359,230.0,105.66,228.69
53.55793046951294,230.0,109.17,230.42
53.60520362854004,230.0,109.17,229.67
53.64749336242676,230.0,109.17,229.42
53.69782853126526,230.0,109.17,230.18
53.74903607368469,230.0,106.74,229.18
53.799861669540405,230.0,106.74,229.18
53.84902596473694,230.0,106.74,230.4
53.890602350234985,230.0,106.74,229.91
53.93296504020691,230.0,107.18,229.42
53.976377725601196,230.0,107.18,230.41
54.02142095565796,230.0,107.18,228.45
54.065288066864014,230.0,107.18,228.7
54.106316328048706,230.0,109.49,230.66
54.14681363105774,230.0,109.49,230.67
54.20124411582947,230.0,109.49,230.91
54.239893674850464,230.0,109.49,230.16
54.28204131126404,230.0,107.1,230.67
54.3259596824646,230.0,107.1,229.42
54.36719226837158,230.0,107.1,229.91
54.40844511985779,230.0,107.1,231.16
54.451101303100586,230.0,105.19,230.66
54.49322819709778,230.0,105.19,230.91
54.535820960998535,230.0,105.19,229.93
54.5772168636322,230.0,105.19,228.45
54.61824822425842,230.0,109.94,229.42
54.659384965896606,230.0,109.94,231.15
54.71004128456116,230.0,109.94,230.91
54.75475072860718,230.0,109.94,231.68
54.795793533325195,230.0,104.32,230.16
54.83712816238403,230.0,104.32,229.18
54.87721252441406,230.0,104.32,228.93
54.92666578292847,230.0,104.32,230.16
54.97560524940491,230.0,106.7,230.42
55.025824785232544,230.0,106.7,229.92
55.07463097572327,230.0,106.7,229.18
55.11748123168945,230.0,106.7,229.43
55.15843915939331,230.0,108.02,228.69
55.20064616203308,230.0,108.02,229.18
55.241395235061646,230.0,108.02,230.66
55.288439989089966,230.0,108.02,230.16
55.33609700202942,230.0,106.81,230.41
55.378502368927,230.0,106.81,230.17
55.42148756980896,230.0,106.81,227.96
55.46662092208862,230.0,106.81,228.7
55.50913429260254,230.0,109.52,231.16
55.55324840545654,230.0,109.52,230.91
55.5950825214386,230.0,109.52,230.66
55.639405250549316,230.0,109.52,230.65
55.682101011276245,230.0,106.2,230.67
55.72382307052612,230.0,106.2,229.18
55.76751899719238,230.0,106.2,230.17
55.80995750427246,230.0,106.2,231.17
55.852476358413696,230.0,105.06,230.66
55.893778562545776,230.0,105.06,229.42
55.93767595291138,230.0,105.06,230.17
55.9822723865509,230.0,105.06,229.43
56.02537155151367,230.0,107.99,228.68
56.066964626312256,230.0,107.99,230.9
56.10860276222229,230.0,107.99,230.66
56.1522262096405,230.0,107.99,230.41
56.193588972091675,230.0,106.31,230.41
56.24511241912842,230.0,106.31,227.96
56.297139406204224,230.0,106.31,228.44
56.339988708496094,230.0,106.31,230.65
56.382174015045166,230.0,105.74,230.42
56.42417597770691,230.0,105.74,229.92
56.474148750305176,230.0,105.74,229.67
56.52316498756409,230.0,105.74,229.19
56.568713426589966,230.0,108.31,228.2
56.610116958618164,230.0,108.31,229.42
56.65300178527832,230.0,108.31,229.18
56.69334626197815,230.0,108.31,229.92
56.74883151054382,230.0,107.17,231.92
56.79317903518677,230.0,107.17,229.92
56.83276343345642,230.0,107.17,227.97
56.890066385269165,230.0,107.17,230.17
56.93926453590393,230.0,106.73,230.9
56.98370170593262,230.0,106.73,230.17
57.02356958389282,230.0,106.73,230.66
57.06509852409363,230.0,106.73,230.16
57.10655927658081,230.0,106.69,228.94
57.14763402938843,230.0,106.69,229.42
57.18841052055359,230.0,106.69,230.41
57.22932147979736,230.0,106.69,229.91
57.27005481719971,230.0,107.11,230.91
57.315958976745605,230.0,107.11,231.91
57.37073349952698,230.0,107.11,229.19
57.41582798957825,230.0,107.11,228.2
57.45618510246277,230.0,110.34,230.91
57.508203983306885,230.0,110.34,231.15
57.552361726760864,230.0,110.34,231.4
57.59451127052307,230.0,110.34,231.41
57.637277126312256,230.0,104.83,231.67
57.68046545982361,230.0,104.83,229.18
57.72457242012024,230.0,104.83,229.42
57.76891779899597,230.0,104.83,231.15
57.80944323539734,230.0,104.91,230.67
57.85094213485718,230.0,104.91,229.67
57.90037655830383,230.0,104.91,229.67
57.94381380081177,230.0,104.91,229.18
58.00499176979065,230.0,108.3,228.2
58.04579043388367,230.0,108.3,229.91
58.0883252620697,230.0,108.3,230.16
58.13011407852173,230.0,108.3,230.16
58.172364234924316,230.0,106.68,230.65
58.21985411643982,230.0,106.68,229.19
58.26107430458069,230.0,106.68,227.72
58.30459022521973,230.0,106.68,229.43
58.34494209289551,230.0,108.02,229.91
58.39361310005188,230.0,108.02,230.41
58.44256925582886,230.0,108.02,230.42
58.48456144332886,230.0,108.02,230.41
58.52590990066528,230.0,106.33,228.94
58.569764137268066,230.0,106.33,228.94
58.61155462265015,230.0,106.33,230.16
58.656994342803955,230.0,106.33,230.19
58.69969439506531,230.0,106.64,230.42
58.74103307723999,230.0,106.64,231.16
58.784302711486816,230.0,106.64,228.71
58.82749032974243,230.0,106.64,227.96
58.873554706573486,230.0,110.76,229.66
58.92065191268921,230.0,110.76,229.91
58.962411880493164,230.0,110.76,231.16
59.00626850128174,230.0,110.76,230.92
59.05064034461975,230.0,105.78,229.67
59.10255479812622,230.0,105.78,229.19
59.15321373939514,230.0,105.78,229.67
59.2029983997345,230.0,105.78,229.18
59.24436068534851,230.0,108.79,230.17
59.287967681884766,230.0,108.79,230.91
59.33684682846069,230.0,108.79,229.18
59.37983584403992,230.0,108.79,229.19
59.42939567565918,230.0,108.99,229.43
59.47743511199951,230.0,108.99,229.67
59.52023720741272,230.0,108.99,229.91
59.56100869178772,230.0,108.99,231.66
59.60221862792969,230.0,104.57,231.66
59.65052032470703,230.0,104.57,229.19
59.69104981422424,230.0,104.57,228.2
59.732006549835205,230.0,104.57,228.2
59.77321434020996,230.0,110.61,229.67
59.81347680091858,230.0,110.61,230.42
59.85371136665344,230.0,110.61,230.66
59.8941285610199,230.0,110.61,229.68
59.9377555847168,230.0,108.34,229.93
59.97968626022339,230.0,108.34,230.42
60.021384716033936,230.0,108.34,230.16
60.07073092460632,230.0,108.34,230.41
60.1161892414093,230.0,107.06,231.66
60.15820002555847,230.0,107.06,230.91
60.21860980987549,230.0,107.06,229.43
60.25736975669861,230.0,107.06,229.92
60.29907989501953,230.0,107.85,231.4
60.33848810195923,230.0,107.85,230.41
60.378506660461426,230.0,107.85,230.91
60.41892886161804,230.0,107.85,231.66
60.461190938949585,230.0,104.62,229.93
60.50280523300171,230.0,104.62,229.18
60.54549860954285,230.0,104.62,229.42
60.58973479270935,230.0,104.62,230.4
60.63312292098999,230.0,106.52,230.16
60.67595410346985,230.0,106.52,229.67
60.71930980682373,230.0,106.52,230.17
60.762216091156006,230.0,106.52,227.97
60.80482316017151,230.0,110.97,228.94
60.84744644165039,230.0,110.97,230.41
60.8907105922699,230.0,110.97,230.42
60.93590211868286,230.0,110.97,230.91
60.98064637184143,230.0,106.01,230.41
61.023327112197876,230.0,106.01,229.92
61.06635856628418,230.0,106.01,228.45
61.10771918296814,230.0,106.01,230.16
61.149577617645264,230.0,107.16,230.41
61.19181776046753,230.0,107.16,230.41
61.23625588417053,230.0,107.16,231.41
61.27970504760742,230.0,107.16,230.41
61.323808670043945,230.0,106.65,228.44
61.369182109832764,230.0,106.65,229.43
61.411996364593506,230.0,106.65,230.65
61.456676959991455,230.0,106.65,229.68
61.501497745513916,230.0,107.92,230.41
61.546316385269165,230.0,107.92,230.16
61.61095404624939,230.0,107.92,229.69
61.68155002593994,230.0,107.92,229.19
61.7282440662384,230.0,108.92,230.16
61.779622316360474,230.0,108.92,229.91
61.82437181472778,230.0,108.92,230.17
61.8700897693634,230.0,108.92,230.91
61.91550254821777,230.0,105.91,227.49
61.963889360427856,230.0,105.91,225.08
62.010703802108765,230.0,105.91,224.14
62.05734157562256,230.0,105.91,222.74
62.10452222824097,230.0,121.01,222.04
62.152456760406494,230.0,121.01,219.31
62.198954582214355,230.0,121.01,217.76
62.242900133132935,230.0,121.01,216.65
62.288318157196045,230.0,121.01,215.35
62.33417892456055,230.0,136.89,214.48
62.37808418273926,230.0,136.89,214.48
62.42326045036316,230.0,136.89,214.06
62.46875882148743,230.0,136.89,214.05
62.52251601219177,230.0,136.89,212.78
62.574692249298096,230.0,145.76,213.2
62.618799924850464,230.0,145.76,212.78
62.67429876327515,230.0,145.76,212.78
62.723230600357056,230.0,145.76,213.63
62.76823401451111,230.0,148.94,214.7
62.82136654853821,230.0,148.94,217.09
62.88149905204773,230.0,148.94,218.87
62.92450261116028,230.0,148.94,221.59
62.96984004974365,230.0,138.53,222.98
63.01486611366272,230.0,138.53,225.32
63.05784869194031,230.0,138.53,225.56
63.105345249176025,230.0,138.53,228.93
63.149969816207886,230.0,138.53,232.15
63.1928973197937,230.0,121.02,233.18
63.242093086242676,230.0,121.02,233.68
63.29368877410889,230.0,121.02,234.2
63.34657859802246,230.0,121.02,235.23
63.39002060890198,230.0,114.64,235.99
63.43385577201843,230.0,114.64,238.1
63.47698712348938,230.0,114.64,238.37
63.52329397201538,230.0,114.64,236.79
63.567230224609375,230.0,110.27,236.51
63.623870849609375,230.0,110.27,236.52
63.66974329948425,230.0,110.27,236.52
63.7171905040741,230.0,110.27,235.74
63.7654287815094,230.0,110.35,234.2
63.81098699569702,230.0,110.35,234.96
63.857434034347534,230.0,110.35,234.97
63.90307903289795,230.0,110.35,234.96
63.95059084892273,230.0,110.23,234.45
63.99713897705078,230.0,110.23,233.94
64.04253315925598,230.0,110.23,235.22
64.08967518806458,230.0,110.23,236.79
64.13584661483765,230.0,105.42,236.53
64.18420243263245,230.0,105.42,236.52
64.23376059532166,230.0,105.42,235.22
64.28032183647156,230.0,105.42,235.74
64.32940173149109,230.0,105.52,236.79
64.38083600997925,230.0,105.52,236.79
64.43584322929382,230.0,105.52,234.72
64.49110269546509,230.0,105.52,234.96
64.53971076011658,230.0,105.39,236.52
64.58858442306519,230.0,105.39,237.04
64.64607906341553,230.0,105.39,236.52
64.70131826400757,230.0,105.39,234.98
64.75422835350037,230.0,103.99,234.7
64.80469703674316,230.0,103.99,236.52
64.8503737449646,230.0,103.99,236.78
64.905029296875,230.0,103.99,235.48
64.94845628738403,230.0,101.66,234.46
64.99238157272339,230.0,101.66,235.22
65.04353857040405,230.0,101.66,235.74
65.09487080574036,230.0,101.66,236.0
65.1395947933197,230.0,99.17,236.52
65.1933536529541,230.0,99.17,235.48
65.23720026016235,230.0,99.17,234.46
65.28059697151184,230.0,99.17,234.2
65.32423901557922,230.0,99.17,234.19
65.37103486061096,230.0,100.92,233.93
65.4179744720459,230.0,100.92,232.92
65.46432971954346,230.0,100.92,231.16
65.50955939292908,230.0,100.92,230.68
65.55542802810669,230.0,100.92,230.41
65.60195636749268,230.0,106.85,230.9
65.64809727668762,230.0,106.85,230.41
65.69294953346252,230.0,106.85,231.91
65.73870754241943,230.0,106.85,232.16
65.78403806686401,230.0,103.45,229.93
65.82947516441345,230.0,103.45,229.44
65.87643313407898,230.0,103.45,230.41
65.92444086074829,230.0,103.45,229.66
65.9721565246582,230.0,107.54,230.16
66.01931238174438,230.0,107.54,230.66
66.0666401386261,230.0,107.54,230.16
66.11237668991089,230.0,107.54,228.45
66.16003322601318,230.0,109.92,229.92
66.20951080322266,230.0,109.92,231.9
66.26779103279114,230.0,109.92,230.91
66.31933069229126,230.0,109.92,230.91
66.37905764579773,230.0,105.72,231.41
66.42714285850525,230.0,105.72,230.67
66.47292113304138,230.0,105.72,229.92
66.51801204681396,230.0,105.72,230.41
66.56431722640991,230.0,106.41,231.66
66.61077928543091,230.0,106.41,231.4
66.65757274627686,230.0,106.41,230.17
66.71733403205872,230.0,106.41,230.17
66.77202534675598,230.0,106.74,230.17
66.81788849830627,230.0,106.74,230.41
66.86211657524109,230.0,106.74,230.66
66.908442735672,230.0,106.74,231.91
66.9555344581604,230.0,103.43,231.16
67.00014901161194,230.0,103.43,229.45
67.04771137237549,230.0,103.43,229.67
67.0946581363678,230.0,103.43,230.16
67.14369201660156,230.0,106.19,229.92
67.20050477981567,230.0,106.19,230.66
67.26824188232422,230.0,106.19,231.92
67.31380438804626,230.0,106.19,229.18
67.36095094680786,230.0,107.98,228.69
67.40888977050781,230.0,107.98,230.65
67.45676255226135,230.0,107.98,230.65
67.50375509262085,230.0,107.98,230.91
67.5510139465332,230.0,104.96,231.41
67.61050724983215,230.0,104.96,231.41
67.66050291061401,230.0,104.96,228.69
67.7094247341156,230.0,104.96,228.94
67.75915384292603,230.0,108.41,231.15
67.80869960784912,230.0,108.41,230.66
67.86916208267212,230.0,108.41,230.17
67.94088125228882,230.0,108.41,230.91
67.98880624771118,230.0,105.0,231.17
68.03659701347351,230.0,105.0,229.42
68.0830066204071,230.0,105.0,230.65
68.1309974193573,230.0,105.0,231.41
68.17861104011536,230.0,103.81,231.41
68.22350549697876,230.0,103.81,229.43
68.26773858070374,230.0,103.81,229.42
68.3138780593872,230.0,103.81,229.42
68.35867047309875,230.0,107.15,229.66
68.40389847755432,230.0,107.15,230.41
68.44957685470581,230.0,107.15,231.17
68.49493360519409,230.0,107.15,229.92
68.54804730415344,230.0,106.39,229.93
68.59264373779297,230.0,106.39,229.67
68.63980340957642,230.0,106.39,230.41
68.68545532226562,230.0,106.39,230.16
68.73076391220093,230.0,105.96,230.66
68.77624893188477,230.0,105.96,231.66
68.8227322101593,230.0,105.96,230.17
68.86989331245422,230.0,105.96,228.7
68.91636371612549,230.0,108.65,230.16
68.9690306186676,230.0,108.65,230.9
69.01505398750305,230.0,108.65,231.16
69.05985522270203,230.0,108.65,231.4
69.11570239067078,230.0,103.93,231.66
69.16119885444641,230.0,103.93,229.69
69.20781183242798,230.0,103.93,228.93
69.25154757499695,230.0,103.93,231.15
69.30529308319092,23200.0,90.55,201.36
69.34700322151184,200.0,0.0,89.91
69.38948678970337,200.0,90.55,200.42
69.43225765228271,200.0,90.55,201.36
69.47427892684937,200.0,90.55,201.37
69.52483773231506,200.0,90.55,201.36
69.57487893104553,200.0,0.0,89.91
69.62125253677368,200.0,90.55,200.42
69.66577291488647,200.0,90.55,201.36
69.71006870269775,200.0,90.55,201.37
69.75502514839172,200.0,90.55,201.36
69.79891681671143,200.0,8.0,89.91
69.84189820289612,200.0,90.55,200.42
69.88676404953003,200.0,90.55,201.36
69.93020153045654,200.0,90.55,201.37
69.97404456138611,200.0,90.55,201.36
70.02228665351868,200.0,85.99,200.05
70.06499552726746,200.0,85.99,199.68
70.10565900802612,200.0,85.99,199.86
70.14848470687866,200.0,85.99,200.43
70.19069981575012,200.0,87.37,200.24
70.23098587989807,200.0,87.37,199.3
70.27078199386597,200.0,87.37,198.56
70.32019186019897,200.0,87.37,199.68
70.36525106430054,200.0,87.37,200.05
70.41516160964966,200.0,87.96,199.87
70.45605158805847,200.0,87.96,198.93
70.49861359596252,200.0,87.96,198.57
70.54041481018066,200.0,87.96,198.95
70.58292555809021,200.0,90.01,200.43
70.62550139427185,200.0,90.01,200.61
70.66946959495544,200.0,90.01,200.43
70.71098756790161,200.0,90.01,199.68
70.75320172309875,200.0,90.01,200.05
70.79574203491211,200.0,88.23,199.86
70.83861827850342,200.0,88.23,200.62
70.88063263893127,200.0,88.23,200.23
70.93187999725342,200.0,88.23,200.04
70.97801160812378,200.0,88.23,199.3
71.03344368934631,200.0,88.23,200.24
71.07717776298523,200.0,88.23,200.99
71.12041139602661,200.0,88.23,200.99
71.16189384460449,200.0,88.23,200.98
71.20349407196045,200.0,86.46,199.86
71.24410319328308,200.0,86.46,199.69
71.28798007965088,200.0,86.46,199.86
71.33240032196045,200.0,86.46,200.99
71.37288904190063,200.0,86.17,200.23
71.41508197784424,200.0,86.17,199.86
71.45673155784607,200.0,86.17,199.11
71.50978398323059,200.0,86.17,199.13
71.55533361434937,200.0,89.39,200.99
71.60261106491089,200.0,89.39,200.42
71.6508047580719,200.0,89.39,199.86
71.69803977012634,200.0,89.39,199.31
71.74757623672485,200.0,89.3,199.5
71.79262042045593,200.0,89.3,199.87
71.83794975280762,200.0,89.3,200.99
71.88405728340149,200.0,89.3,200.8
71.92835640907288,200.0,86.7,200.42
71.97121691703796,200.0,86.7,199.12
72.01413583755493,200.0,86.7,200.61
72.06057810783386,200.0,86.7,200.43
72.10539484024048,200.0,87.16,201.17
72.153480052948,200.0,87.16,201.17
72.20655012130737,200.0,87.16,199.49
72.25321912765503,200.0,87.16,199.69
72.300372838974,200.0,88.43,199.68
72.3518934249878,200.0,88.43,200.81
72.40538096427917,200.0,88.43,200.98
72.45295214653015,200.0,88.43,200.05
72.49826121330261,200.0,87.85,200.43
72.54047775268555,200.0,87.85,200.44
72.58455228805542,200.0,87.85,201.36
72.6354992389679,200.0,87.85,201.17
72.68526935577393,200.0,85.72,200.8
72.73462891578674,200.0,85.72,199.68
72.78349733352661,200.0,85.72,199.88
72.83369016647339,200.0,85.72,200.06
72.88451170921326,200.0,85.72,200.05
72.93952798843384,200.0,87.51,200.43
72.98086619377136,200.0,87.51,199.67
73.02259039878845,200.0,87.51,199.49
73.07967472076416,200.0,87.51,199.5
73.09195375442505,200.0,88.53,200.8
73.10352492332458,200.0,88.53,200.61
73.11502623558044,200.0,88.53,200.61
73.12711668014526,200.0,88.53,199.67
73.13848543167114,200.0,88.53,199.31
73.15003490447998,200.0,89.02,200.24
73.16209173202515,200.0,89.02,200.61
73.17352843284607,200.0,89.02,200.42
73.18518590927124,200.0,89.02,200.42
73.1968502998352,200.0,87.13,199.87
73.20908260345459,200.0,87.13,200.05
73.22048854827881,200.0,87.13,201.56
73.23234415054321,200.0,87.13,200.8
73.24446487426758,200.0,87.13,200.98
73.25593161582947,200.0,85.96,199.49
73.26792979240417,200.0,85.96,199.5
73.27985954284668,200.0,85.96,199.49
73.29184317588806,200.0,85.96,200.43
73.30317616462708,200.0,86.73,199.3
73.31447863578796,200.0,86.73,198.93
73.32572984695435,200.0,86.73,197.83
73.33707237243652,200.0,86.73,198.76
73.34864354133606,200.0,86.73,199.3
73.36025071144104,200.0,88.72,199.31
73.37175679206848,200.0,88.72,199.11
73.38307547569275,200.0,88.72,198.57
73.39441299438477,200.0,88.72,198.95
73.40574264526367,200.0,88.72,200.42
73.41700839996338,200.0,86.81,199.68
73.4284496307373,200.0,86.81,198.74
73.43984389305115,200.0,86.81,198.57
73.45115232467651,200.0,86.81,198.76
73.46239233016968,200.0,89.81,200.05
73.47364115715027,200.0,89.81,199.67
73.48498630523682,200.0,89.81,199.67
73.49629282951355,200.0,89.81,198.93
73.50768208503723,200.0,89.81,199.5
73.51888155937195,200.0,88.77,199.3
73.53019857406616,200.0,88.77,200.24
73.54213762283325,200.0,88.77,199.49
73.55403923988342,200.0,88.77,199.3
73.56595921516418,200.0,89.28,198.94
73.57790422439575,200.0,89.28,199.86
73.5897958278656,200.0,89.28,200.43
73.60167121887207,200.0,89.28,201.18
73.61345911026001,200.0,89.28,200.42
73.62519717216492,200.0,87.37,199.86
73.6366229057312,200.0,87.37,200.06
73.64793610572815,200.0,87.37,199.86
73.65920901298523,200.0,87.37,200.42
73.67054080963135,200.0,87.25,199.49
73.68194198608398,200.0,87.25,199.12
73.69321727752686,200.0,87.25,198.38
73.70446825027466,200.0,87.25,199.68
73.71571707725525,200.0,88.52,199.49
73.72706246376038,200.0,88.52,200.24
73.7383029460907,200.0,88.52,199.67
73.74963045120239,200.0,88.52,199.12
73.76099681854248,200.0,89.67,198.76
73.77293467521667,200.0,89.67,200.61
73.78481602668762,200.0,89.67,200.8
73.79677438735962,200.0,89.67,200.42
73.80863666534424,200.0,87.47,199.68
73.8199679851532,200.0,87.47,199.13
73.83152770996094,200.0,87.47,199.87
73.84313321113586,200.0,87.47,200.43
73.85502791404724,200.0,87.34,199.67
73.86694622039795,200.0,87.34,199.3
73.87882208824158,200.0,87.34,198.2
73.89058303833008,200.0,87.34,199.49
73.9025559425354,200.0,88.98,200.24
73.91454005241394,200.0,88.98,200.05
73.92622303962708,200.0,88.98,199.3
73.93818855285645,200.0,88.98,198.57
73.95008635520935,200.0,90.86,199.69
73.9618718624115,200.0,90.86,200.43
73.97378063201904,200.0,90.86,201.18
73.9855387210846,200.0,90.86,201.17
73.99695539474487,200.0,86.37,200.05
74.00882267951965,200.0,86.37,199.69
74.02069449424744,200.0,86.37,199.49
74.03259325027466,200.0,86.37,200.42
74.04409885406494,200.0,87.44,199.49
74.05563521385193,200.0,87.44,199.48
74.0672013759613,200.0,87.44,198.38
74.07877469062805,200.0,87.44,199.68
74.0903832912445,200.0,88.73,199.68
74.10193157196045,200.0,88.73,200.24
74.1134283542633,200.0,88.73,199.3
74.1254186630249,200.0,88.73,198.93
74.13716912269592,200.0,90.22,199.31
74.14840388298035,200.0,90.22,200.98
74.15944147109985,200.0,90.22,200.8
74.17059683799744,200.0,90.22,200.23
74.18254899978638,200.0,88.07,199.68
74.19445848464966,200.0,88.07,199.32
74.20638275146484,200.0,88.07,200.24
74.2182104587555,200.0,88.07,200.42
74.23000049591064,200.0,88.07,201.18
74.241619348526,200.0,86.23,199.86
74.25284147262573,200.0,86.23,199.49
74.26417994499207,200.0,86.23,199.69
74.27548408508301,200.0,86.23,200.42
74.28670072555542,200.0,87.32,200.24
74.29803466796875,200.0,87.32,199.48
74.30946397781372,200.0,87.32,198.94
74.32078456878662,200.0,87.32,198.76
74.3320484161377,200.0,87.32,199.3
74.34326076507568,200.0,89.3,200.24
74.35448575019836,200.0,89.3,199.49
74.36580348014832,200.0,89.3,199.3
74.37707042694092,200.0,89.3,198.56
74.38839077949524,200.0,90.89,200.05
